{"cameraMode":{"drawMode":0,"name":"Shaded","section":"Shading Mode"},"sceneLighting":true,"audioPlay":false,"sceneViewState":{"showFog":false,"showMaterialUpdate":false,"showSkybox":false,"showFlares":false,"showImageEffects":false,"showParticleSystems":false},"in2DMode":false,"pivot":{"x":83.2371597290039,"y":-40.1253547668457,"z":239.41378784179688},"rotation":{"x":0.05317993462085724,"y":-0.9231306910514832,"z":0.3547581434249878,"w":0.13838112354278565},"size":53.879302978515628,"orthographic":false}