{"cameraMode":{"drawMode":0,"name":"Shaded","section":"Shading Mode"},"sceneLighting":true,"audioPlay":false,"sceneViewState":{"showFog":false,"showMaterialUpdate":false,"showSkybox":false,"showFlares":false,"showImageEffects":false,"showParticleSystems":false},"in2DMode":false,"pivot":{"x":86.10733795166016,"y":1.7000000476837159,"z":239.96717834472657},"rotation":{"x":-0.10354547202587128,"y":-0.4270096719264984,"z":0.04923254996538162,"w":-0.8970301747322083},"size":10.0,"orthographic":true}